{"general": {"model_type": "mlp_eg", "main_dir": "", "model_dir": "", "info": "", "pyNN_version": "1.0.2"}, "model": {"atoms": 15, "states": 2, "nn_size": 400, "depth": 3, "activ": {"class_name": "leaky_softplus", "config": {"alpha": 0.03}}, "use_dropout": false, "dropout": 0.005, "use_reg_activ": {"class_name": "l2", "config": {"l2": 1e-09}}, "use_reg_weight": {"class_name": "l2", "config": {"l2": 1e-09}}, "use_reg_bias": null, "invd_index": true, "angle_index": [], "dihed_index": []}, "training": {"energy_only": false, "auto_scaling": {"x_mean": false, "x_std": false, "energy_mean": true, "energy_std": true}, "normalization_mode": 1, "loss_weights": [5.0, 1.0], "learning_rate": 0.001, "initialize_weights": true, "val_disjoint": true, "val_split": 0.1, "epo": 1000, "batch_size": 128, "epostep": 10, "step_callback": {"use": true, "epoch_step_reduction": [600, 300, 100], "learning_rate_step": [0.001, 0.0001, 1e-05]}, "linear_callback": {"use": false, "learning_rate_start": 0.001, "learning_rate_stop": 1e-06, "epomin": 1000}, "early_callback": {"use": false, "epomin": 1000, "patience": 300, "max_time": 300, "delta_loss": 1e-05, "loss_monitor": "val_loss", "factor_lr": 0.1, "learning_rate_start": 0.001, "learning_rate_stop": 1e-06}, "exp_callback": {"use": false, "epomin": 1000, "factor_lr": 0.1}}, "retraining": {"energy_only": false, "auto_scaling": {"x_mean": false, "x_std": false, "energy_mean": true, "energy_std": true}, "normalization_mode": 1, "loss_weights": [5.0, 1.0], "learning_rate": 0.001, "initialize_weights": true, "val_disjoint": true, "val_split": 0.1, "epo": 1000, "batch_size": 128, "epostep": 10, "step_callback": {"use": true, "epoch_step_reduction": [600, 300, 100], "learning_rate_step": [0.001, 0.0001, 1e-05]}, "linear_callback": {"use": false, "learning_rate_start": 0.001, "learning_rate_stop": 1e-06, "epomin": 1000}, "early_callback": {"use": false, "epomin": 1000, "patience": 300, "max_time": 300, "delta_loss": 1e-05, "loss_monitor": "val_loss", "factor_lr": 0.1, "learning_rate_start": 0.001, "learning_rate_stop": 1e-06}, "exp_callback": {"use": false, "epomin": 1000, "factor_lr": 0.1}}, "predict": {"batch_size_predict": 265, "try_predict_hessian": false}, "plots": {"unit_energy": "eV", "unit_gradient": "eV/A"}}