{
  "control": {
    "title": "dbh",
    "ml_ncpu": 20,
    "qc_ncpu": 1,
    "ms_ncpu": 1,
    "gl_seed": 1,
    "remote_train": 0,
    "jobtype": "train",
    "qm": [
      "nn"
    ],
    "abinit": [
      "molcas"
    ],
    "refine": 0,
    "refine_num": 4,
    "refine_start": 0,
    "refine_end": 200,
    "maxiter": 1,
    "maxsample": 1,
    "dynsample": 0,
    "maxdiscard": 0,
    "maxenergy": 0.05,
    "minenergy": 0.02,
    "dynenergy": 0.1,
    "inienergy": 0.3,
    "fwdenergy": 1,
    "bckenergy": 1,
    "maxgrad": 0.15,
    "mingrad": 0.06,
    "dyngrad": 0.1,
    "inigrad": 0.3,
    "fwdgrad": 1,
    "bckgrad": 1,
    "maxnac": 0.15,
    "minnac": 0.06,
    "dynnac": 0.1,
    "ininac": 0.3,
    "fwdnac": 1,
    "bcknac": 1,
    "maxsoc": 50,
    "minsoc": 20,
    "dynsoc": 0.1,
    "inisoc": 0.3,
    "fwdsoc": 1,
    "bcksoc": 1,
    "load": 1,
    "transfer": 0,
    "pop_step": 200,
    "verbose": 2,
    "silent": 1
  },
  "molecule": {
    "qmmm_key": null,
    "qmmm_xyz": "Input",
    "ci": [
      1
    ],
    "spin": [
      0
    ],
    "coupling": [],
    "highlevel": [],
    "midlevel": [],
    "embedding": false,
    "read_charge": false,
    "boundary": [],
    "freeze": [],
    "constrain": [],
    "shape": "ellipsoid",
    "factor": 40,
    "cavity": [],
    "center": [],
    "compress": [],
    "track_type": null,
    "track_index": [],
    "track_thrhd": [],
    "primitive": [],
    "lattice": []
  },
  "molcas": {
    "molcas": "",
    "molcas_nproc": "1",
    "molcas_mem": "2000",
    "molcas_print": "2",
    "molcas_project": "dbh",
    "molcas_calcdir": "/scratch/adaogomes.l/DBH/unsub/ML-NAMD/step2_grid_search",
    "molcas_workdir": null,
    "track_phase": 0,
    "basis": 2,
    "omp_num_threads": "1",
    "use_hpc": 0,
    "group": null,
    "keep_tmp": 1,
    "verbose": 0,
    "tinker": ""
  },
  "bagel": {
    "bagel": "",
    "bagel_nproc": 1,
    "bagel_project": "dbh",
    "bagel_workdir": "/scratch/adaogomes.l/DBH/unsub/ML-NAMD/step2_grid_search",
    "bagel_archive": "default",
    "mpi": "",
    "blas": "",
    "lapack": "",
    "boost": "",
    "mkl": "",
    "arch": "",
    "omp_num_threads": "1",
    "use_mpi": 0,
    "use_hpc": 0,
    "group": null,
    "keep_tmp": 1,
    "verbose": 0
  },
  "orca": {
    "orca": "",
    "orca_project": "dbh",
    "orca_workdir": "/scratch/adaogomes.l/DBH/unsub/ML-NAMD/step2_grid_search",
    "dft_type": "tddft",
    "mpi": "",
    "use_hpc": 0,
    "keep_tmp": 1,
    "verbose": 0
  },
  "xtb": {
    "xtb": "",
    "xtb_nproc": 1,
    "xtb_project": "dbh",
    "xtb_workdir": "/scratch/adaogomes.l/DBH/unsub/ML-NAMD/step2_grid_search",
    "gfnver": -2,
    "mem": "1000",
    "use_hpc": 0,
    "keep_tmp": 1,
    "verbose": 0
  },
  "md": {
    "gl_seed": 1,
    "initcond": 0,
    "excess": 0,
    "scale": 1,
    "target": 0,
    "graddesc": 0,
    "reset": 0,
    "resetstep": 0,
    "ninitcond": 20,
    "method": "wigner",
    "format": "molden",
    "randvelo": 0,
    "temp": 300,
    "step": 10,
    "size": 20.67,
    "root": 1,
    "activestate": 0,
    "sfhp": "nosh",
    "nactype": "ktdc",
    "phasecheck": 1,
    "gap": 0.5,
    "gapsoc": 0.5,
    "substep": 20,
    "integrate": 0,
    "deco": "0.1",
    "adjust": 1,
    "reflect": 1,
    "maxh": 10,
    "dosoc": 0,
    "thermo": "off",
    "thermodelay": 200,
    "silent": 1,
    "verbose": 0,
    "direct": 2000,
    "buffer": 500,
    "record": "whole",
    "record_step": 0,
    "checkpoint": 0,
    "restart": 0,
    "addstep": 0,
    "group": null,
    "ref_energy": 0,
    "ref_grad": 0,
    "ref_nac": 0,
    "ref_soc": 0,
    "datapath": null
  },
  "nn": {
    "train_mode": "training",
    "train_data": "/scratch/adaogomes.l/DBH/unsub/ML-NAMD/step2_grid_search/data-shuffled.json",
    "pred_data": null,
    "modeldir": null,
    "silent": 1,
    "nsplits": 10,
    "nn_eg_type": 1,
    "nn_nac_type": 0,
    "nn_soc_type": 0,
    "multiscale": [],
    "shuffle": false,
    "eg_unit": "si",
    "nac_unit": "si",
    "soc_unit": "si",
    "select_eg_out": [],
    "select_nac_out": [],
    "select_soc_out": [],
    "ml_seed": 1,
    "permute_map": "No",
    "gpu": 0,
    "eg": {
      "invd_index": [],
      "angle_index": [],
      "dihed_index": [],
      "depth": 6,
      "nn_size": 700,
      "activ": "leaky_softplus",
      "activ_alpha": 0.03,
      "loss_weights": [
        5.0,
        1.0
      ],
      "use_dropout": false,
      "dropout": 0.005,
      "use_reg_activ": "l2",
      "use_reg_weight": "l2",
      "use_reg_bias": null,
      "reg_l1": 1e-08,
      "reg_l2": 1e-09,
      "use_step_callback": true,
      "use_linear_callback": false,
      "use_early_callback": false,
      "use_exp_callback": false,
      "callbacks": [],
      "scale_x_mean": false,
      "scale_x_std": false,
      "scale_y_mean": true,
      "scale_y_std": true,
      "normalization_mode": 1,
      "learning_rate": 0.001,
      "initialize_weights": true,
      "val_disjoint": true,
      "epo": 1000,
      "epomin": 1000,
      "patience": 300,
      "max_time": 300,
      "batch_size": 64,
      "delta_loss": 1e-05,
      "loss_monitor": "val_loss",
      "factor_lr": 0.1,
      "epostep": 10,
      "learning_rate_start": 0.001,
      "learning_rate_stop": 1e-06,
      "learning_rate_step": [
        0.001,
        0.0001,
        1e-05
      ],
      "epoch_step_reduction": [
        600,
        300,
        100
      ]
    },
    "nac": {
      "invd_index": [],
      "angle_index": [],
      "dihed_index": [],
      "depth": 6,
      "nn_size": 700,
      "activ": "leaky_softplus",
      "activ_alpha": 0.03,
      "use_dropout": false,
      "dropout": 0.005,
      "use_reg_activ": null,
      "use_reg_weight": null,
      "use_reg_bias": null,
      "reg_l1": 1e-08,
      "reg_l2": 1e-09,
      "use_step_callback": true,
      "use_linear_callback": false,
      "use_early_callback": false,
      "use_exp_callback": false,
      "callbacks": [],
      "scale_x_mean": false,
      "scale_x_std": false,
      "scale_y_mean": true,
      "scale_y_std": true,
      "normalization_mode": 1,
      "learning_rate": 0.001,
      "phase_less_loss": false,
      "initialize_weights": true,
      "val_disjoint": true,
      "epo": 2000,
      "epomin": 1000,
      "pre_epo": 100,
      "patience": 300,
      "max_time": 300,
      "batch_size": 64,
      "delta_loss": 1e-05,
      "loss_monitor": "val_loss",
      "factor_lr": 0.1,
      "epostep": 10,
      "learning_rate_start": 0.001,
      "learning_rate_stop": 1e-06,
      "learning_rate_step": [
        0.001,
        0.0001,
        1e-05,
        1e-06
      ],
      "epoch_step_reduction": [
        500,
        500,
        500,
        500
      ]
    },
    "soc": {
      "invd_index": [],
      "angle_index": [],
      "dihed_index": [],
      "depth": 6,
      "nn_size": 700,
      "activ": "leaky_softplus",
      "activ_alpha": 0.03,
      "use_dropout": false,
      "dropout": 0.005,
      "use_reg_activ": null,
      "use_reg_weight": null,
      "use_reg_bias": null,
      "reg_l1": 1e-08,
      "reg_l2": 1e-09,
      "use_step_callback": true,
      "use_linear_callback": false,
      "use_early_callback": false,
      "use_exp_callback": false,
      "callbacks": [],
      "scale_x_mean": false,
      "scale_x_std": false,
      "scale_y_mean": true,
      "scale_y_std": true,
      "normalization_mode": 1,
      "learning_rate": 0.001,
      "initialize_weights": true,
      "val_disjoint": true,
      "epo": 2000,
      "epomin": 1000,
      "patience": 300,
      "max_time": 300,
      "batch_size": 64,
      "delta_loss": 1e-05,
      "loss_monitor": "val_loss",
      "factor_lr": 0.1,
      "epostep": 10,
      "learning_rate_start": 0.001,
      "learning_rate_stop": 1e-06,
      "learning_rate_step": [
        0.001,
        0.0001,
        1e-05,
        1e-06
      ],
      "epoch_step_reduction": [
        500,
        500,
        500,
        500
      ]
    },
    "eg2": {
      "invd_index": [],
      "angle_index": [],
      "dihed_index": [],
      "depth": 6,
      "nn_size": 700,
      "activ": "leaky_softplus",
      "activ_alpha": 0.03,
      "loss_weights": [
        1,
        1
      ],
      "use_dropout": false,
      "dropout": 0.005,
      "use_reg_activ": null,
      "use_reg_weight": null,
      "use_reg_bias": null,
      "reg_l1": 1e-08,
      "reg_l2": 1e-09,
      "use_step_callback": true,
      "use_linear_callback": false,
      "use_early_callback": false,
      "use_exp_callback": false,
      "callbacks": [],
      "scale_x_mean": false,
      "scale_x_std": false,
      "scale_y_mean": true,
      "scale_y_std": true,
      "normalization_mode": 1,
      "learning_rate": 0.001,
      "initialize_weights": true,
      "val_disjoint": true,
      "epo": 2000,
      "epomin": 1000,
      "patience": 300,
      "max_time": 300,
      "batch_size": 64,
      "delta_loss": 1e-05,
      "loss_monitor": "val_loss",
      "factor_lr": 0.1,
      "epostep": 10,
      "learning_rate_start": 0.001,
      "learning_rate_stop": 1e-06,
      "learning_rate_step": [
        0.001,
        0.0001,
        1e-05,
        1e-06
      ],
      "epoch_step_reduction": [
        500,
        500,
        500,
        500
      ]
    },
    "nac2": {
      "invd_index": [],
      "angle_index": [],
      "dihed_index": [],
      "depth": 6,
      "nn_size": 700,
      "activ": "leaky_softplus",
      "activ_alpha": 0.03,
      "use_dropout": false,
      "dropout": 0.005,
      "use_reg_activ": null,
      "use_reg_weight": null,
      "use_reg_bias": null,
      "reg_l1": 1e-08,
      "reg_l2": 1e-09,
      "use_step_callback": true,
      "use_linear_callback": false,
      "use_early_callback": false,
      "use_exp_callback": false,
      "callbacks": [],
      "scale_x_mean": false,
      "scale_x_std": false,
      "scale_y_mean": true,
      "scale_y_std": true,
      "normalization_mode": 1,
      "learning_rate": 0.001,
      "phase_less_loss": false,
      "initialize_weights": true,
      "val_disjoint": true,
      "epo": 2000,
      "epomin": 1000,
      "pre_epo": 100,
      "patience": 300,
      "max_time": 300,
      "batch_size": 64,
      "delta_loss": 1e-05,
      "loss_monitor": "val_loss",
      "factor_lr": 0.1,
      "epostep": 10,
      "learning_rate_start": 0.001,
      "learning_rate_stop": 1e-06,
      "learning_rate_step": [
        0.001,
        0.0001,
        1e-05,
        1e-06
      ],
      "epoch_step_reduction": [
        500,
        500,
        500,
        500
      ]
    },
    "soc2": {
      "invd_index": [],
      "angle_index": [],
      "dihed_index": [],
      "depth": 6,
      "nn_size": 700,
      "activ": "leaky_softplus",
      "activ_alpha": 0.03,
      "use_dropout": false,
      "dropout": 0.005,
      "use_reg_activ": null,
      "use_reg_weight": null,
      "use_reg_bias": null,
      "reg_l1": 1e-08,
      "reg_l2": 1e-09,
      "use_step_callback": true,
      "use_linear_callback": false,
      "use_early_callback": false,
      "use_exp_callback": false,
      "callbacks": [],
      "scale_x_mean": false,
      "scale_x_std": false,
      "scale_y_mean": true,
      "scale_y_std": true,
      "normalization_mode": 1,
      "learning_rate": 0.001,
      "initialize_weights": true,
      "val_disjoint": true,
      "epo": 2000,
      "epomin": 1000,
      "patience": 300,
      "max_time": 300,
      "batch_size": 64,
      "delta_loss": 1e-05,
      "loss_monitor": "val_loss",
      "factor_lr": 0.1,
      "epostep": 10,
      "learning_rate_start": 0.001,
      "learning_rate_stop": 1e-06,
      "learning_rate_step": [
        0.001,
        0.0001,
        1e-05,
        1e-06
      ],
      "epoch_step_reduction": [
        500,
        500,
        500,
        500
      ]
    }
  },
  "mlp": {
    "train_mode": "training",
    "train_data": null,
    "pred_data": null,
    "modeldir": null,
    "silent": 1,
    "nsplits": 10,
    "nn_eg_type": 1,
    "nn_nac_type": 0,
    "nn_soc_type": 0,
    "multiscale": [],
    "shuffle": false,
    "eg_unit": "si",
    "nac_unit": "si",
    "soc_unit": "si",
    "select_eg_out": [],
    "select_nac_out": [],
    "select_soc_out": [],
    "ml_seed": 1,
    "permute_map": "No",
    "gpu": 0,
    "eg": {
      "invd_index": [],
      "angle_index": [],
      "dihed_index": [],
      "depth": 6,
      "nn_size": 700,
      "activ": "leaky_softplus",
      "activ_alpha": 0.03,
      "loss_weights": [
        5.0,
        1.0
      ],
      "use_dropout": false,
      "dropout": 0.005,
      "use_reg_activ": "l2",
      "use_reg_weight": "l2",
      "use_reg_bias": null,
      "reg_l1": 1e-08,
      "reg_l2": 1e-09,
      "use_step_callback": true,
      "use_linear_callback": false,
      "use_early_callback": false,
      "use_exp_callback": false,
      "callbacks": [],
      "scale_x_mean": false,
      "scale_x_std": false,
      "scale_y_mean": true,
      "scale_y_std": true,
      "normalization_mode": 1,
      "learning_rate": 0.001,
      "initialize_weights": true,
      "val_disjoint": true,
      "epo": 1000,
      "epomin": 1000,
      "patience": 300,
      "max_time": 300,
      "batch_size": 64,
      "delta_loss": 1e-05,
      "loss_monitor": "val_loss",
      "factor_lr": 0.1,
      "epostep": 10,
      "learning_rate_start": 0.001,
      "learning_rate_stop": 1e-06,
      "learning_rate_step": [
        0.001,
        0.0001,
        1e-05
      ],
      "epoch_step_reduction": [
        600,
        300,
        100
      ]
    },
    "nac": {
      "invd_index": [],
      "angle_index": [],
      "dihed_index": [],
      "depth": 6,
      "nn_size": 700,
      "activ": "leaky_softplus",
      "activ_alpha": 0.03,
      "use_dropout": false,
      "dropout": 0.005,
      "use_reg_activ": null,
      "use_reg_weight": null,
      "use_reg_bias": null,
      "reg_l1": 1e-08,
      "reg_l2": 1e-09,
      "use_step_callback": true,
      "use_linear_callback": false,
      "use_early_callback": false,
      "use_exp_callback": false,
      "callbacks": [],
      "scale_x_mean": false,
      "scale_x_std": false,
      "scale_y_mean": true,
      "scale_y_std": true,
      "normalization_mode": 1,
      "learning_rate": 0.001,
      "phase_less_loss": false,
      "initialize_weights": true,
      "val_disjoint": true,
      "epo": 2000,
      "epomin": 1000,
      "pre_epo": 100,
      "patience": 300,
      "max_time": 300,
      "batch_size": 64,
      "delta_loss": 1e-05,
      "loss_monitor": "val_loss",
      "factor_lr": 0.1,
      "epostep": 10,
      "learning_rate_start": 0.001,
      "learning_rate_stop": 1e-06,
      "learning_rate_step": [
        0.001,
        0.0001,
        1e-05,
        1e-06
      ],
      "epoch_step_reduction": [
        500,
        500,
        500,
        500
      ]
    },
    "soc": {
      "invd_index": [],
      "angle_index": [],
      "dihed_index": [],
      "depth": 6,
      "nn_size": 700,
      "activ": "leaky_softplus",
      "activ_alpha": 0.03,
      "use_dropout": false,
      "dropout": 0.005,
      "use_reg_activ": null,
      "use_reg_weight": null,
      "use_reg_bias": null,
      "reg_l1": 1e-08,
      "reg_l2": 1e-09,
      "use_step_callback": true,
      "use_linear_callback": false,
      "use_early_callback": false,
      "use_exp_callback": false,
      "callbacks": [],
      "scale_x_mean": false,
      "scale_x_std": false,
      "scale_y_mean": true,
      "scale_y_std": true,
      "normalization_mode": 1,
      "learning_rate": 0.001,
      "initialize_weights": true,
      "val_disjoint": true,
      "epo": 2000,
      "epomin": 1000,
      "patience": 300,
      "max_time": 300,
      "batch_size": 64,
      "delta_loss": 1e-05,
      "loss_monitor": "val_loss",
      "factor_lr": 0.1,
      "epostep": 10,
      "learning_rate_start": 0.001,
      "learning_rate_stop": 1e-06,
      "learning_rate_step": [
        0.001,
        0.0001,
        1e-05,
        1e-06
      ],
      "epoch_step_reduction": [
        500,
        500,
        500,
        500
      ]
    },
    "eg2": {
      "invd_index": [],
      "angle_index": [],
      "dihed_index": [],
      "depth": 6,
      "nn_size": 700,
      "activ": "leaky_softplus",
      "activ_alpha": 0.03,
      "loss_weights": [
        1,
        1
      ],
      "use_dropout": false,
      "dropout": 0.005,
      "use_reg_activ": null,
      "use_reg_weight": null,
      "use_reg_bias": null,
      "reg_l1": 1e-08,
      "reg_l2": 1e-09,
      "use_step_callback": true,
      "use_linear_callback": false,
      "use_early_callback": false,
      "use_exp_callback": false,
      "callbacks": [],
      "scale_x_mean": false,
      "scale_x_std": false,
      "scale_y_mean": true,
      "scale_y_std": true,
      "normalization_mode": 1,
      "learning_rate": 0.001,
      "initialize_weights": true,
      "val_disjoint": true,
      "epo": 2000,
      "epomin": 1000,
      "patience": 300,
      "max_time": 300,
      "batch_size": 64,
      "delta_loss": 1e-05,
      "loss_monitor": "val_loss",
      "factor_lr": 0.1,
      "epostep": 10,
      "learning_rate_start": 0.001,
      "learning_rate_stop": 1e-06,
      "learning_rate_step": [
        0.001,
        0.0001,
        1e-05,
        1e-06
      ],
      "epoch_step_reduction": [
        500,
        500,
        500,
        500
      ]
    },
    "nac2": {
      "invd_index": [],
      "angle_index": [],
      "dihed_index": [],
      "depth": 6,
      "nn_size": 700,
      "activ": "leaky_softplus",
      "activ_alpha": 0.03,
      "use_dropout": false,
      "dropout": 0.005,
      "use_reg_activ": null,
      "use_reg_weight": null,
      "use_reg_bias": null,
      "reg_l1": 1e-08,
      "reg_l2": 1e-09,
      "use_step_callback": true,
      "use_linear_callback": false,
      "use_early_callback": false,
      "use_exp_callback": false,
      "callbacks": [],
      "scale_x_mean": false,
      "scale_x_std": false,
      "scale_y_mean": true,
      "scale_y_std": true,
      "normalization_mode": 1,
      "learning_rate": 0.001,
      "phase_less_loss": false,
      "initialize_weights": true,
      "val_disjoint": true,
      "epo": 2000,
      "epomin": 1000,
      "pre_epo": 100,
      "patience": 300,
      "max_time": 300,
      "batch_size": 64,
      "delta_loss": 1e-05,
      "loss_monitor": "val_loss",
      "factor_lr": 0.1,
      "epostep": 10,
      "learning_rate_start": 0.001,
      "learning_rate_stop": 1e-06,
      "learning_rate_step": [
        0.001,
        0.0001,
        1e-05,
        1e-06
      ],
      "epoch_step_reduction": [
        500,
        500,
        500,
        500
      ]
    },
    "soc2": {
      "invd_index": [],
      "angle_index": [],
      "dihed_index": [],
      "depth": 6,
      "nn_size": 700,
      "activ": "leaky_softplus",
      "activ_alpha": 0.03,
      "use_dropout": false,
      "dropout": 0.005,
      "use_reg_activ": null,
      "use_reg_weight": null,
      "use_reg_bias": null,
      "reg_l1": 1e-08,
      "reg_l2": 1e-09,
      "use_step_callback": true,
      "use_linear_callback": false,
      "use_early_callback": false,
      "use_exp_callback": false,
      "callbacks": [],
      "scale_x_mean": false,
      "scale_x_std": false,
      "scale_y_mean": true,
      "scale_y_std": true,
      "normalization_mode": 1,
      "learning_rate": 0.001,
      "initialize_weights": true,
      "val_disjoint": true,
      "epo": 2000,
      "epomin": 1000,
      "patience": 300,
      "max_time": 300,
      "batch_size": 64,
      "delta_loss": 1e-05,
      "loss_monitor": "val_loss",
      "factor_lr": 0.1,
      "epostep": 10,
      "learning_rate_start": 0.001,
      "learning_rate_stop": 1e-06,
      "learning_rate_step": [
        0.001,
        0.0001,
        1e-05,
        1e-06
      ],
      "epoch_step_reduction": [
        500,
        500,
        500,
        500
      ]
    }
  },
  "schnet": {
    "train_mode": "training",
    "train_data": null,
    "pred_data": null,
    "modeldir": null,
    "silent": 1,
    "nsplits": 10,
    "nn_eg_type": 1,
    "nn_nac_type": 0,
    "nn_soc_type": 0,
    "multiscale": [],
    "shuffle": false,
    "eg_unit": "si",
    "nac_unit": "si",
    "soc_unit": "si",
    "select_eg_out": [],
    "select_nac_out": [],
    "select_soc_out": [],
    "ml_seed": 1,
    "permute_map": "No",
    "gpu": 0,
    "sch_eg": {
      "node_features": 128,
      "n_features": 64,
      "n_edges": 10,
      "n_filters": 64,
      "use_filter_bias": true,
      "cfc_activ": "shifted_softplus",
      "n_blocks": 3,
      "n_rbf": 20,
      "maxradius": 4,
      "offset": 0.0,
      "sigma": 0.4,
      "mlp": [
        64
      ],
      "use_mlp_bias": true,
      "mlp_activ": "shifted_softplus",
      "use_output_bias": true,
      "use_step_callback": true,
      "use_linear_callback": false,
      "use_early_callback": false,
      "use_exp_callback": false,
      "callbacks": [],
      "loss_weights": [
        1,
        1
      ],
      "initialize_weights": true,
      "epo": 400,
      "epomin": 200,
      "epostep": 10,
      "patience": 200,
      "max_time": 300,
      "batch_size": 64,
      "delta_loss": 1e-05,
      "loss_monitor": "val_loss",
      "factor_lr": 0.1,
      "learning_rate": 0.001,
      "learning_rate_start": 0.001,
      "learning_rate_stop": 1e-06,
      "learning_rate_step": [
        0.001,
        0.0001,
        1e-05,
        1e-06
      ],
      "epoch_step_reduction": [
        100,
        100,
        100,
        100
      ]
    },
    "sch_nac": {
      "node_features": 128,
      "n_features": 64,
      "n_edges": 10,
      "n_filters": 64,
      "use_filter_bias": true,
      "cfc_activ": "shifted_softplus",
      "n_blocks": 3,
      "n_rbf": 20,
      "maxradius": 4,
      "offset": 0.0,
      "sigma": 0.4,
      "mlp": [
        64
      ],
      "use_mlp_bias": true,
      "mlp_activ": "shifted_softplus",
      "use_output_bias": true,
      "use_step_callback": true,
      "use_linear_callback": false,
      "use_early_callback": false,
      "use_exp_callback": false,
      "callbacks": [],
      "phase_less_loss": false,
      "initialize_weights": true,
      "epo": 400,
      "epomin": 200,
      "epostep": 10,
      "patience": 200,
      "max_time": 300,
      "batch_size": 64,
      "delta_loss": 1e-05,
      "loss_monitor": "val_loss",
      "factor_lr": 0.1,
      "learning_rate": 0.001,
      "learning_rate_start": 0.001,
      "learning_rate_stop": 1e-06,
      "learning_rate_step": [
        0.001,
        0.0001,
        1e-05,
        1e-06
      ],
      "epoch_step_reduction": [
        100,
        100,
        100,
        100
      ]
    },
    "sch_soc": {
      "node_features": 128,
      "n_features": 64,
      "n_edges": 10,
      "n_filters": 64,
      "use_filter_bias": true,
      "cfc_activ": "shifted_softplus",
      "n_blocks": 3,
      "n_rbf": 20,
      "maxradius": 4,
      "offset": 0.0,
      "sigma": 0.4,
      "mlp": [
        64
      ],
      "use_mlp_bias": true,
      "mlp_activ": "shifted_softplus",
      "use_output_bias": true,
      "use_step_callback": true,
      "use_linear_callback": false,
      "use_early_callback": false,
      "use_exp_callback": false,
      "callbacks": [],
      "initialize_weights": true,
      "epo": 400,
      "epomin": 200,
      "epostep": 10,
      "patience": 200,
      "max_time": 300,
      "batch_size": 64,
      "delta_loss": 1e-05,
      "loss_monitor": "val_loss",
      "factor_lr": 0.1,
      "learning_rate": 0.001,
      "learning_rate_start": 0.001,
      "learning_rate_stop": 1e-06,
      "learning_rate_step": [
        0.001,
        0.0001,
        1e-05,
        1e-06
      ],
      "epoch_step_reduction": [
        100,
        100,
        100,
        100
      ]
    }
  },
  "e2n2": {
    "train_mode": "training",
    "train_data": null,
    "pred_data": null,
    "modeldir": null,
    "silent": 1,
    "nsplits": 10,
    "nn_eg_type": 1,
    "nn_nac_type": 0,
    "nn_soc_type": 0,
    "multiscale": [],
    "shuffle": false,
    "eg_unit": "si",
    "nac_unit": "si",
    "soc_unit": "si",
    "select_eg_out": [],
    "select_nac_out": [],
    "select_soc_out": [],
    "ml_seed": 1,
    "permute_map": "No",
    "gpu": 0,
    "e2n2_eg": {
      "n_edges": 10,
      "maxradius": 4,
      "n_features": 64,
      "n_blocks": 3,
      "l_max": 1,
      "parity": true,
      "n_rbf": 20,
      "trainable_rbf": true,
      "rbf_cutoff": 6,
      "rbf_layers": 2,
      "rbf_neurons": 64,
      "rbf_act": "silu",
      "rbf_act_a": 0.03,
      "normalization_y": "component",
      "normalize_y": true,
      "self_connection": true,
      "resnet": false,
      "gate": true,
      "act_scalars_e": "silu",
      "act_scalars_o": "tanh",
      "act_gates_e": "silu",
      "act_gates_o": "tanh",
      "use_step_callback": true,
      "callbacks": [],
      "initialize_weights": true,
      "loss_weights": [
        10,
        1
      ],
      "use_reg_loss": "l2",
      "reg_l1": 1e-05,
      "reg_l2": 1e-05,
      "epo": 400,
      "epostep": 10,
      "subset": 0,
      "batch_size": 64,
      "val_batch_size": 0,
      "nbatch": 0,
      "learning_rate": 0.001,
      "learning_rate_step": [
        0.001,
        0.0001,
        1e-05,
        1e-06
      ],
      "epoch_step_reduction": [
        100,
        100,
        100,
        100
      ],
      "scaler": "total_energy_mean_std",
      "grad_type": "grad"
    },
    "e2n2_nac": {
      "n_edges": 10,
      "maxradius": 4,
      "n_features": 64,
      "n_blocks": 3,
      "l_max": 1,
      "parity": true,
      "n_rbf": 20,
      "trainable_rbf": true,
      "rbf_cutoff": 6,
      "rbf_layers": 2,
      "rbf_neurons": 64,
      "rbf_act": "shifted_softplus",
      "rbf_act_a": 0.03,
      "normalization_y": "component",
      "normalize_y": true,
      "self_connection": true,
      "resnet": false,
      "gate": true,
      "act_scalars_e": "silu",
      "act_scalars_o": "tanh",
      "act_gates_e": "silu",
      "act_gates_o": "tanh",
      "use_step_callback": true,
      "callbacks": [],
      "initialize_weights": true,
      "use_reg_loss": "l2",
      "reg_l1": 1e-05,
      "reg_l2": 1e-05,
      "epo": 400,
      "epostep": 10,
      "subset": 0,
      "batch_size": 64,
      "val_batch_size": 0,
      "nbatch": 0,
      "learning_rate": 0.001,
      "learning_rate_step": [
        0.001,
        0.0001,
        1e-05,
        1e-06
      ],
      "epoch_step_reduction": [
        100,
        100,
        100,
        100
      ],
      "scaler": "no",
      "grad_type": "grad"
    },
    "e2n2_soc": {
      "n_edges": 10,
      "maxradius": 4,
      "n_features": 64,
      "n_blocks": 3,
      "l_max": 1,
      "parity": true,
      "n_rbf": 20,
      "trainable_rbf": true,
      "rbf_cutoff": 6,
      "rbf_layers": 2,
      "rbf_neurons": 64,
      "rbf_act": "shifted_softplus",
      "rbf_act_a": 0.03,
      "normalization_y": "component",
      "normalize_y": true,
      "self_connection": true,
      "resnet": false,
      "gate": true,
      "act_scalars_e": "silu",
      "act_scalars_o": "tanh",
      "act_gates_e": "silu",
      "act_gates_o": "tanh",
      "use_step_callback": true,
      "callbacks": [],
      "initialize_weights": true,
      "use_reg_loss": "l2",
      "reg_l1": 1e-05,
      "reg_l2": 1e-05,
      "epo": 400,
      "epostep": 10,
      "subset": 0,
      "batch_size": 64,
      "val_batch_size": 0,
      "nbatch": 0,
      "learning_rate": 0.001,
      "learning_rate_step": [
        0.001,
        0.0001,
        1e-05,
        1e-06
      ],
      "epoch_step_reduction": [
        100,
        100,
        100,
        100
      ],
      "scaler": "total_energy_mean_std",
      "grad_type": "grad"
    }
  },
  "dimenet": {
    "train_mode": "training",
    "train_data": null,
    "pred_data": null,
    "modeldir": null,
    "silent": 1,
    "nsplits": 10,
    "nn_eg_type": 1,
    "nn_nac_type": 0,
    "nn_soc_type": 0,
    "multiscale": [],
    "shuffle": false,
    "eg_unit": "si",
    "nac_unit": "si",
    "soc_unit": "si",
    "select_eg_out": [],
    "select_nac_out": [],
    "select_soc_out": [],
    "ml_seed": 1,
    "permute_map": "No",
    "gpu": 0,
    "dime_nac": {
      "model_type": " ",
      "batch_size": 30,
      "val_size": 2000,
      "hidden_channels": 256,
      "blocks": 6,
      "bilinear": 8,
      "spherical": 7,
      "radial": 6,
      "lr": 0.001,
      "epo": 200
    }
  },
  "search": {
    "depth": [
      3,
      4,
      5,
      6,
      7
    ],
    "nn_size": [
      200,
      300,
      400,
      500,
      600,
      700,
      800
    ],
    "batch_size": [
      64,
      128
    ],
    "reg_l1": [
      1e-08
    ],
    "reg_l2": [
      1e-07,
      1e-08,
      1e-09
    ],
    "dropout": [
      0.005
    ],
    "n_features": [
      16
    ],
    "n_blocks": [
      3
    ],
    "l_max": [
      1
    ],
    "n_rbf": [
      8
    ],
    "rbf_layers": [
      2
    ],
    "rbf_neurons": [
      32
    ],
    "use_hpc": 1,
    "retrieve": 0
  },
  "eg": {
    "invd_index": [],
    "angle_index": [],
    "dihed_index": [],
    "depth": 6,
    "nn_size": 700,
    "activ": "leaky_softplus",
    "activ_alpha": 0.03,
    "loss_weights": [
      5.0,
      1.0
    ],
    "use_dropout": false,
    "dropout": 0.005,
    "use_reg_activ": "l2",
    "use_reg_weight": "l2",
    "use_reg_bias": null,
    "reg_l1": 1e-08,
    "reg_l2": 1e-09,
    "use_step_callback": true,
    "use_linear_callback": false,
    "use_early_callback": false,
    "use_exp_callback": false,
    "callbacks": [],
    "scale_x_mean": false,
    "scale_x_std": false,
    "scale_y_mean": true,
    "scale_y_std": true,
    "normalization_mode": 1,
    "learning_rate": 0.001,
    "initialize_weights": true,
    "val_disjoint": true,
    "epo": 1000,
    "epomin": 1000,
    "patience": 300,
    "max_time": 300,
    "batch_size": 64,
    "delta_loss": 1e-05,
    "loss_monitor": "val_loss",
    "factor_lr": 0.1,
    "epostep": 10,
    "learning_rate_start": 0.001,
    "learning_rate_stop": 1e-06,
    "learning_rate_step": [
      0.001,
      0.0001,
      1e-05
    ],
    "epoch_step_reduction": [
      600,
      300,
      100
    ]
  },
  "nac": {
    "invd_index": [],
    "angle_index": [],
    "dihed_index": [],
    "depth": 6,
    "nn_size": 700,
    "activ": "leaky_softplus",
    "activ_alpha": 0.03,
    "use_dropout": false,
    "dropout": 0.005,
    "use_reg_activ": null,
    "use_reg_weight": null,
    "use_reg_bias": null,
    "reg_l1": 1e-08,
    "reg_l2": 1e-09,
    "use_step_callback": true,
    "use_linear_callback": false,
    "use_early_callback": false,
    "use_exp_callback": false,
    "callbacks": [],
    "scale_x_mean": false,
    "scale_x_std": false,
    "scale_y_mean": true,
    "scale_y_std": true,
    "normalization_mode": 1,
    "learning_rate": 0.001,
    "phase_less_loss": false,
    "initialize_weights": true,
    "val_disjoint": true,
    "epo": 2000,
    "epomin": 1000,
    "pre_epo": 100,
    "patience": 300,
    "max_time": 300,
    "batch_size": 64,
    "delta_loss": 1e-05,
    "loss_monitor": "val_loss",
    "factor_lr": 0.1,
    "epostep": 10,
    "learning_rate_start": 0.001,
    "learning_rate_stop": 1e-06,
    "learning_rate_step": [
      0.001,
      0.0001,
      1e-05,
      1e-06
    ],
    "epoch_step_reduction": [
      500,
      500,
      500,
      500
    ]
  },
  "soc": {
    "invd_index": [],
    "angle_index": [],
    "dihed_index": [],
    "depth": 6,
    "nn_size": 700,
    "activ": "leaky_softplus",
    "activ_alpha": 0.03,
    "use_dropout": false,
    "dropout": 0.005,
    "use_reg_activ": null,
    "use_reg_weight": null,
    "use_reg_bias": null,
    "reg_l1": 1e-08,
    "reg_l2": 1e-09,
    "use_step_callback": true,
    "use_linear_callback": false,
    "use_early_callback": false,
    "use_exp_callback": false,
    "callbacks": [],
    "scale_x_mean": false,
    "scale_x_std": false,
    "scale_y_mean": true,
    "scale_y_std": true,
    "normalization_mode": 1,
    "learning_rate": 0.001,
    "initialize_weights": true,
    "val_disjoint": true,
    "epo": 2000,
    "epomin": 1000,
    "patience": 300,
    "max_time": 300,
    "batch_size": 64,
    "delta_loss": 1e-05,
    "loss_monitor": "val_loss",
    "factor_lr": 0.1,
    "epostep": 10,
    "learning_rate_start": 0.001,
    "learning_rate_stop": 1e-06,
    "learning_rate_step": [
      0.001,
      0.0001,
      1e-05,
      1e-06
    ],
    "epoch_step_reduction": [
      500,
      500,
      500,
      500
    ]
  },
  "eg2": {
    "invd_index": [],
    "angle_index": [],
    "dihed_index": [],
    "depth": 6,
    "nn_size": 700,
    "activ": "leaky_softplus",
    "activ_alpha": 0.03,
    "loss_weights": [
      1,
      1
    ],
    "use_dropout": false,
    "dropout": 0.005,
    "use_reg_activ": null,
    "use_reg_weight": null,
    "use_reg_bias": null,
    "reg_l1": 1e-08,
    "reg_l2": 1e-09,
    "use_step_callback": true,
    "use_linear_callback": false,
    "use_early_callback": false,
    "use_exp_callback": false,
    "callbacks": [],
    "scale_x_mean": false,
    "scale_x_std": false,
    "scale_y_mean": true,
    "scale_y_std": true,
    "normalization_mode": 1,
    "learning_rate": 0.001,
    "initialize_weights": true,
    "val_disjoint": true,
    "epo": 2000,
    "epomin": 1000,
    "patience": 300,
    "max_time": 300,
    "batch_size": 64,
    "delta_loss": 1e-05,
    "loss_monitor": "val_loss",
    "factor_lr": 0.1,
    "epostep": 10,
    "learning_rate_start": 0.001,
    "learning_rate_stop": 1e-06,
    "learning_rate_step": [
      0.001,
      0.0001,
      1e-05,
      1e-06
    ],
    "epoch_step_reduction": [
      500,
      500,
      500,
      500
    ]
  },
  "nac2": {
    "invd_index": [],
    "angle_index": [],
    "dihed_index": [],
    "depth": 6,
    "nn_size": 700,
    "activ": "leaky_softplus",
    "activ_alpha": 0.03,
    "use_dropout": false,
    "dropout": 0.005,
    "use_reg_activ": null,
    "use_reg_weight": null,
    "use_reg_bias": null,
    "reg_l1": 1e-08,
    "reg_l2": 1e-09,
    "use_step_callback": true,
    "use_linear_callback": false,
    "use_early_callback": false,
    "use_exp_callback": false,
    "callbacks": [],
    "scale_x_mean": false,
    "scale_x_std": false,
    "scale_y_mean": true,
    "scale_y_std": true,
    "normalization_mode": 1,
    "learning_rate": 0.001,
    "phase_less_loss": false,
    "initialize_weights": true,
    "val_disjoint": true,
    "epo": 2000,
    "epomin": 1000,
    "pre_epo": 100,
    "patience": 300,
    "max_time": 300,
    "batch_size": 64,
    "delta_loss": 1e-05,
    "loss_monitor": "val_loss",
    "factor_lr": 0.1,
    "epostep": 10,
    "learning_rate_start": 0.001,
    "learning_rate_stop": 1e-06,
    "learning_rate_step": [
      0.001,
      0.0001,
      1e-05,
      1e-06
    ],
    "epoch_step_reduction": [
      500,
      500,
      500,
      500
    ]
  },
  "soc2": {
    "invd_index": [],
    "angle_index": [],
    "dihed_index": [],
    "depth": 6,
    "nn_size": 700,
    "activ": "leaky_softplus",
    "activ_alpha": 0.03,
    "use_dropout": false,
    "dropout": 0.005,
    "use_reg_activ": null,
    "use_reg_weight": null,
    "use_reg_bias": null,
    "reg_l1": 1e-08,
    "reg_l2": 1e-09,
    "use_step_callback": true,
    "use_linear_callback": false,
    "use_early_callback": false,
    "use_exp_callback": false,
    "callbacks": [],
    "scale_x_mean": false,
    "scale_x_std": false,
    "scale_y_mean": true,
    "scale_y_std": true,
    "normalization_mode": 1,
    "learning_rate": 0.001,
    "initialize_weights": true,
    "val_disjoint": true,
    "epo": 2000,
    "epomin": 1000,
    "patience": 300,
    "max_time": 300,
    "batch_size": 64,
    "delta_loss": 1e-05,
    "loss_monitor": "val_loss",
    "factor_lr": 0.1,
    "epostep": 10,
    "learning_rate_start": 0.001,
    "learning_rate_stop": 1e-06,
    "learning_rate_step": [
      0.001,
      0.0001,
      1e-05,
      1e-06
    ],
    "epoch_step_reduction": [
      500,
      500,
      500,
      500
    ]
  },
  "sch_eg": {
    "node_features": 128,
    "n_features": 64,
    "n_edges": 10,
    "n_filters": 64,
    "use_filter_bias": true,
    "cfc_activ": "shifted_softplus",
    "n_blocks": 3,
    "n_rbf": 20,
    "maxradius": 4,
    "offset": 0.0,
    "sigma": 0.4,
    "mlp": [
      64
    ],
    "use_mlp_bias": true,
    "mlp_activ": "shifted_softplus",
    "use_output_bias": true,
    "use_step_callback": true,
    "use_linear_callback": false,
    "use_early_callback": false,
    "use_exp_callback": false,
    "callbacks": [],
    "loss_weights": [
      1,
      1
    ],
    "initialize_weights": true,
    "epo": 400,
    "epomin": 200,
    "epostep": 10,
    "patience": 200,
    "max_time": 300,
    "batch_size": 64,
    "delta_loss": 1e-05,
    "loss_monitor": "val_loss",
    "factor_lr": 0.1,
    "learning_rate": 0.001,
    "learning_rate_start": 0.001,
    "learning_rate_stop": 1e-06,
    "learning_rate_step": [
      0.001,
      0.0001,
      1e-05,
      1e-06
    ],
    "epoch_step_reduction": [
      100,
      100,
      100,
      100
    ]
  },
  "sch_nac": {
    "node_features": 128,
    "n_features": 64,
    "n_edges": 10,
    "n_filters": 64,
    "use_filter_bias": true,
    "cfc_activ": "shifted_softplus",
    "n_blocks": 3,
    "n_rbf": 20,
    "maxradius": 4,
    "offset": 0.0,
    "sigma": 0.4,
    "mlp": [
      64
    ],
    "use_mlp_bias": true,
    "mlp_activ": "shifted_softplus",
    "use_output_bias": true,
    "use_step_callback": true,
    "use_linear_callback": false,
    "use_early_callback": false,
    "use_exp_callback": false,
    "callbacks": [],
    "phase_less_loss": false,
    "initialize_weights": true,
    "epo": 400,
    "epomin": 200,
    "epostep": 10,
    "patience": 200,
    "max_time": 300,
    "batch_size": 64,
    "delta_loss": 1e-05,
    "loss_monitor": "val_loss",
    "factor_lr": 0.1,
    "learning_rate": 0.001,
    "learning_rate_start": 0.001,
    "learning_rate_stop": 1e-06,
    "learning_rate_step": [
      0.001,
      0.0001,
      1e-05,
      1e-06
    ],
    "epoch_step_reduction": [
      100,
      100,
      100,
      100
    ]
  },
  "sch_soc": {
    "node_features": 128,
    "n_features": 64,
    "n_edges": 10,
    "n_filters": 64,
    "use_filter_bias": true,
    "cfc_activ": "shifted_softplus",
    "n_blocks": 3,
    "n_rbf": 20,
    "maxradius": 4,
    "offset": 0.0,
    "sigma": 0.4,
    "mlp": [
      64
    ],
    "use_mlp_bias": true,
    "mlp_activ": "shifted_softplus",
    "use_output_bias": true,
    "use_step_callback": true,
    "use_linear_callback": false,
    "use_early_callback": false,
    "use_exp_callback": false,
    "callbacks": [],
    "initialize_weights": true,
    "epo": 400,
    "epomin": 200,
    "epostep": 10,
    "patience": 200,
    "max_time": 300,
    "batch_size": 64,
    "delta_loss": 1e-05,
    "loss_monitor": "val_loss",
    "factor_lr": 0.1,
    "learning_rate": 0.001,
    "learning_rate_start": 0.001,
    "learning_rate_stop": 1e-06,
    "learning_rate_step": [
      0.001,
      0.0001,
      1e-05,
      1e-06
    ],
    "epoch_step_reduction": [
      100,
      100,
      100,
      100
    ]
  },
  "e2n2_eg": {
    "n_edges": 10,
    "maxradius": 4,
    "n_features": 64,
    "n_blocks": 3,
    "l_max": 1,
    "parity": true,
    "n_rbf": 20,
    "trainable_rbf": true,
    "rbf_cutoff": 6,
    "rbf_layers": 2,
    "rbf_neurons": 64,
    "rbf_act": "silu",
    "rbf_act_a": 0.03,
    "normalization_y": "component",
    "normalize_y": true,
    "self_connection": true,
    "resnet": false,
    "gate": true,
    "act_scalars_e": "silu",
    "act_scalars_o": "tanh",
    "act_gates_e": "silu",
    "act_gates_o": "tanh",
    "use_step_callback": true,
    "callbacks": [],
    "initialize_weights": true,
    "loss_weights": [
      10,
      1
    ],
    "use_reg_loss": "l2",
    "reg_l1": 1e-05,
    "reg_l2": 1e-05,
    "epo": 400,
    "epostep": 10,
    "subset": 0,
    "batch_size": 64,
    "val_batch_size": 0,
    "nbatch": 0,
    "learning_rate": 0.001,
    "learning_rate_step": [
      0.001,
      0.0001,
      1e-05,
      1e-06
    ],
    "epoch_step_reduction": [
      100,
      100,
      100,
      100
    ],
    "scaler": "total_energy_mean_std",
    "grad_type": "grad"
  },
  "e2n2_nac": {
    "n_edges": 10,
    "maxradius": 4,
    "n_features": 64,
    "n_blocks": 3,
    "l_max": 1,
    "parity": true,
    "n_rbf": 20,
    "trainable_rbf": true,
    "rbf_cutoff": 6,
    "rbf_layers": 2,
    "rbf_neurons": 64,
    "rbf_act": "shifted_softplus",
    "rbf_act_a": 0.03,
    "normalization_y": "component",
    "normalize_y": true,
    "self_connection": true,
    "resnet": false,
    "gate": true,
    "act_scalars_e": "silu",
    "act_scalars_o": "tanh",
    "act_gates_e": "silu",
    "act_gates_o": "tanh",
    "use_step_callback": true,
    "callbacks": [],
    "initialize_weights": true,
    "use_reg_loss": "l2",
    "reg_l1": 1e-05,
    "reg_l2": 1e-05,
    "epo": 400,
    "epostep": 10,
    "subset": 0,
    "batch_size": 64,
    "val_batch_size": 0,
    "nbatch": 0,
    "learning_rate": 0.001,
    "learning_rate_step": [
      0.001,
      0.0001,
      1e-05,
      1e-06
    ],
    "epoch_step_reduction": [
      100,
      100,
      100,
      100
    ],
    "scaler": "no",
    "grad_type": "grad"
  },
  "e2n2_soc": {
    "n_edges": 10,
    "maxradius": 4,
    "n_features": 64,
    "n_blocks": 3,
    "l_max": 1,
    "parity": true,
    "n_rbf": 20,
    "trainable_rbf": true,
    "rbf_cutoff": 6,
    "rbf_layers": 2,
    "rbf_neurons": 64,
    "rbf_act": "shifted_softplus",
    "rbf_act_a": 0.03,
    "normalization_y": "component",
    "normalize_y": true,
    "self_connection": true,
    "resnet": false,
    "gate": true,
    "act_scalars_e": "silu",
    "act_scalars_o": "tanh",
    "act_gates_e": "silu",
    "act_gates_o": "tanh",
    "use_step_callback": true,
    "callbacks": [],
    "initialize_weights": true,
    "use_reg_loss": "l2",
    "reg_l1": 1e-05,
    "reg_l2": 1e-05,
    "epo": 400,
    "epostep": 10,
    "subset": 0,
    "batch_size": 64,
    "val_batch_size": 0,
    "nbatch": 0,
    "learning_rate": 0.001,
    "learning_rate_step": [
      0.001,
      0.0001,
      1e-05,
      1e-06
    ],
    "epoch_step_reduction": [
      100,
      100,
      100,
      100
    ],
    "scaler": "total_energy_mean_std",
    "grad_type": "grad"
  },
  "dime_nac": {
    "model_type": " ",
    "batch_size": 30,
    "val_size": 2000,
    "hidden_channels": 256,
    "blocks": 6,
    "bilinear": 8,
    "spherical": 7,
    "radial": 6,
    "lr": 0.001,
    "epo": 200
  },
  "file": {
    "natom": 0,
    "file": null
  },
  "demo": {
    "train_mode": "training",
    "train_data": "/scratch/adaogomes.l/DBH/unsub/ML-NAMD/step2_grid_search/data-shuffled.json",
    "pred_data": null,
    "modeldir": null,
    "silent": 1,
    "nsplits": 10,
    "nn_eg_type": 1,
    "nn_nac_type": 0,
    "nn_soc_type": 0,
    "multiscale": [],
    "shuffle": false,
    "eg_unit": "si",
    "nac_unit": "si",
    "soc_unit": "si",
    "select_eg_out": [],
    "select_nac_out": [],
    "select_soc_out": [],
    "ml_seed": 1,
    "permute_map": "No",
    "gpu": 0,
    "eg": {
      "invd_index": [],
      "angle_index": [],
      "dihed_index": [],
      "depth": 6,
      "nn_size": 700,
      "activ": "leaky_softplus",
      "activ_alpha": 0.03,
      "loss_weights": [
        5.0,
        1.0
      ],
      "use_dropout": false,
      "dropout": 0.005,
      "use_reg_activ": "l2",
      "use_reg_weight": "l2",
      "use_reg_bias": null,
      "reg_l1": 1e-08,
      "reg_l2": 1e-09,
      "use_step_callback": true,
      "use_linear_callback": false,
      "use_early_callback": false,
      "use_exp_callback": false,
      "callbacks": [],
      "scale_x_mean": false,
      "scale_x_std": false,
      "scale_y_mean": true,
      "scale_y_std": true,
      "normalization_mode": 1,
      "learning_rate": 0.001,
      "initialize_weights": true,
      "val_disjoint": true,
      "epo": 1000,
      "epomin": 1000,
      "patience": 300,
      "max_time": 300,
      "batch_size": 64,
      "delta_loss": 1e-05,
      "loss_monitor": "val_loss",
      "factor_lr": 0.1,
      "epostep": 10,
      "learning_rate_start": 0.001,
      "learning_rate_stop": 1e-06,
      "learning_rate_step": [
        0.001,
        0.0001,
        1e-05
      ],
      "epoch_step_reduction": [
        600,
        300,
        100
      ]
    },
    "nac": {
      "invd_index": [],
      "angle_index": [],
      "dihed_index": [],
      "depth": 6,
      "nn_size": 700,
      "activ": "leaky_softplus",
      "activ_alpha": 0.03,
      "use_dropout": false,
      "dropout": 0.005,
      "use_reg_activ": null,
      "use_reg_weight": null,
      "use_reg_bias": null,
      "reg_l1": 1e-08,
      "reg_l2": 1e-09,
      "use_step_callback": true,
      "use_linear_callback": false,
      "use_early_callback": false,
      "use_exp_callback": false,
      "callbacks": [],
      "scale_x_mean": false,
      "scale_x_std": false,
      "scale_y_mean": true,
      "scale_y_std": true,
      "normalization_mode": 1,
      "learning_rate": 0.001,
      "phase_less_loss": false,
      "initialize_weights": true,
      "val_disjoint": true,
      "epo": 2000,
      "epomin": 1000,
      "pre_epo": 100,
      "patience": 300,
      "max_time": 300,
      "batch_size": 64,
      "delta_loss": 1e-05,
      "loss_monitor": "val_loss",
      "factor_lr": 0.1,
      "epostep": 10,
      "learning_rate_start": 0.001,
      "learning_rate_stop": 1e-06,
      "learning_rate_step": [
        0.001,
        0.0001,
        1e-05,
        1e-06
      ],
      "epoch_step_reduction": [
        500,
        500,
        500,
        500
      ]
    },
    "soc": {
      "invd_index": [],
      "angle_index": [],
      "dihed_index": [],
      "depth": 6,
      "nn_size": 700,
      "activ": "leaky_softplus",
      "activ_alpha": 0.03,
      "use_dropout": false,
      "dropout": 0.005,
      "use_reg_activ": null,
      "use_reg_weight": null,
      "use_reg_bias": null,
      "reg_l1": 1e-08,
      "reg_l2": 1e-09,
      "use_step_callback": true,
      "use_linear_callback": false,
      "use_early_callback": false,
      "use_exp_callback": false,
      "callbacks": [],
      "scale_x_mean": false,
      "scale_x_std": false,
      "scale_y_mean": true,
      "scale_y_std": true,
      "normalization_mode": 1,
      "learning_rate": 0.001,
      "initialize_weights": true,
      "val_disjoint": true,
      "epo": 2000,
      "epomin": 1000,
      "patience": 300,
      "max_time": 300,
      "batch_size": 64,
      "delta_loss": 1e-05,
      "loss_monitor": "val_loss",
      "factor_lr": 0.1,
      "epostep": 10,
      "learning_rate_start": 0.001,
      "learning_rate_stop": 1e-06,
      "learning_rate_step": [
        0.001,
        0.0001,
        1e-05,
        1e-06
      ],
      "epoch_step_reduction": [
        500,
        500,
        500,
        500
      ]
    },
    "eg2": {
      "invd_index": [],
      "angle_index": [],
      "dihed_index": [],
      "depth": 6,
      "nn_size": 700,
      "activ": "leaky_softplus",
      "activ_alpha": 0.03,
      "loss_weights": [
        1,
        1
      ],
      "use_dropout": false,
      "dropout": 0.005,
      "use_reg_activ": null,
      "use_reg_weight": null,
      "use_reg_bias": null,
      "reg_l1": 1e-08,
      "reg_l2": 1e-09,
      "use_step_callback": true,
      "use_linear_callback": false,
      "use_early_callback": false,
      "use_exp_callback": false,
      "callbacks": [],
      "scale_x_mean": false,
      "scale_x_std": false,
      "scale_y_mean": true,
      "scale_y_std": true,
      "normalization_mode": 1,
      "learning_rate": 0.001,
      "initialize_weights": true,
      "val_disjoint": true,
      "epo": 2000,
      "epomin": 1000,
      "patience": 300,
      "max_time": 300,
      "batch_size": 64,
      "delta_loss": 1e-05,
      "loss_monitor": "val_loss",
      "factor_lr": 0.1,
      "epostep": 10,
      "learning_rate_start": 0.001,
      "learning_rate_stop": 1e-06,
      "learning_rate_step": [
        0.001,
        0.0001,
        1e-05,
        1e-06
      ],
      "epoch_step_reduction": [
        500,
        500,
        500,
        500
      ]
    },
    "nac2": {
      "invd_index": [],
      "angle_index": [],
      "dihed_index": [],
      "depth": 6,
      "nn_size": 700,
      "activ": "leaky_softplus",
      "activ_alpha": 0.03,
      "use_dropout": false,
      "dropout": 0.005,
      "use_reg_activ": null,
      "use_reg_weight": null,
      "use_reg_bias": null,
      "reg_l1": 1e-08,
      "reg_l2": 1e-09,
      "use_step_callback": true,
      "use_linear_callback": false,
      "use_early_callback": false,
      "use_exp_callback": false,
      "callbacks": [],
      "scale_x_mean": false,
      "scale_x_std": false,
      "scale_y_mean": true,
      "scale_y_std": true,
      "normalization_mode": 1,
      "learning_rate": 0.001,
      "phase_less_loss": false,
      "initialize_weights": true,
      "val_disjoint": true,
      "epo": 2000,
      "epomin": 1000,
      "pre_epo": 100,
      "patience": 300,
      "max_time": 300,
      "batch_size": 64,
      "delta_loss": 1e-05,
      "loss_monitor": "val_loss",
      "factor_lr": 0.1,
      "epostep": 10,
      "learning_rate_start": 0.001,
      "learning_rate_stop": 1e-06,
      "learning_rate_step": [
        0.001,
        0.0001,
        1e-05,
        1e-06
      ],
      "epoch_step_reduction": [
        500,
        500,
        500,
        500
      ]
    },
    "soc2": {
      "invd_index": [],
      "angle_index": [],
      "dihed_index": [],
      "depth": 6,
      "nn_size": 700,
      "activ": "leaky_softplus",
      "activ_alpha": 0.03,
      "use_dropout": false,
      "dropout": 0.005,
      "use_reg_activ": null,
      "use_reg_weight": null,
      "use_reg_bias": null,
      "reg_l1": 1e-08,
      "reg_l2": 1e-09,
      "use_step_callback": true,
      "use_linear_callback": false,
      "use_early_callback": false,
      "use_exp_callback": false,
      "callbacks": [],
      "scale_x_mean": false,
      "scale_x_std": false,
      "scale_y_mean": true,
      "scale_y_std": true,
      "normalization_mode": 1,
      "learning_rate": 0.001,
      "initialize_weights": true,
      "val_disjoint": true,
      "epo": 2000,
      "epomin": 1000,
      "patience": 300,
      "max_time": 300,
      "batch_size": 64,
      "delta_loss": 1e-05,
      "loss_monitor": "val_loss",
      "factor_lr": 0.1,
      "epostep": 10,
      "learning_rate_start": 0.001,
      "learning_rate_stop": 1e-06,
      "learning_rate_step": [
        0.001,
        0.0001,
        1e-05,
        1e-06
      ],
      "epoch_step_reduction": [
        500,
        500,
        500,
        500
      ]
    }
  },
  "version": "\n  -------------------------------------------------------------------\n                              /\\\n   |\\    /|                  /++\\\n   ||\\  /||                 /++++\\\n   || \\/ || ||             /++++++\\\n   ||    || ||            /PyRAI2MD\\\n   ||    || ||           /++++++++++\\                    __\n            ||          /++++++++++++\\    |\\ |  /\\  |\\/| | \\\n            ||__ __    *==============*   | \\| /--\\ |  | |_/\n\n                          Python Rapid\n                     Artificial Intelligence\n                  Ab Initio Molecular Dynamics\n\n\n\n                      Author @Jingbai Li\n                      \n                      \n    2022 \u2013 present   Hoffmann Institute of Advanced Materials\n                     Shenzhen Polytechnic, Shenzhen, China    \n                                \n    2019 \u2013 2022      Department of Chemistry and Chemical Biology\n                     Northeastern University, Boston, USA\n\n                          version:   2.3 alpha\n\n  With contributions from (in alphabetic order):\n    Jingbai Li     - Fewest switches surface hopping\n                     Zhu-Nakamura surface hopping\n                     Velocity Verlet\n                     OpenMolcas interface\n                     OpenMolcas/Tinker interface\n                     BAGEL interface\n                     ORCA interface\n                     GFN-xTB interface\n                     Adaptive sampling\n                     Grid search\n                     Multilayer ONIOM (QM:QM' and QM:QM':MM)\n                     Periodic boundary condition (coming soon)\n                     Wall potential\n                     QC/ML hybrid NAMD\n                     Excited-state Equivariant Neural Network\n\n    Patrick Reiser - Fully connected neural networks (pyNNsMD)\n                     SchNet (pyNNsMD)\n\n  Special acknowledgement to:\n    Steven A. Lopez            - Project co-founder\n    Pascal Friederich          - Project co-founder\n\n\n\n\n  &control\n-------------------------------------------------------\n  Title:                      dbh       \n  NPROCS for ML:              20        \n  NPROCS for QC:              1         \n  NPROCS for Multiscale:      1          \n  Seed:                       1         \n  Job: \t                      search    \n  QM:          \t       \t      nn        \n  Ab initio:                  molcas    \n-------------------------------------------------------\n\n        \n  &molecule\n-------------------------------------------------------\n  States:                     [1]       \n  Spin:                       [0]       \n  Interstates:                []        \n  QMMM keyfile:               None      \n  QMMM xyzfile:               Input     \n  High level region:          []         ...\n  Middel level region:        []         ...\n  Boundary:                   []         ...\n  Embedding charges:          False     \n  Reading charge:             False     \n  Frozen atoms:               []        \n  Constrained atoms:          []        \n  External potential shape:   ellipsoid \n  External potential factor:  40        \n  External potential radius:  []        \n  External potential center:  []        \n  Compress potential shape    []        \n  Track geometry type         None      \n  Track indices               []        \n  Track threshold             []                          \n  Primitive vectors:          []        \n  Lattice constant:           []        \n-------------------------------------------------------\n\n        \n  &nn\n-------------------------------------------------------\n  Train data:                 data-shuffled.json\n  Prediction data:            None      \n  Train mode:                 training  \n  Silent mode:                1         \n  Data splits:                10        \n  NN EG type:                 1         \n  NN NAC type:                0         \n  NN SOC type:                0         \n  Multiscale:                 []        \n  Shuffle data:               False     \n  EG unit:                    si        \n  NAC unit:                   si        \n  SOC unit:                   cm-1\n  Select EG output:           []        \n  Select NAC output:          []        \n  Select SOC output:          []          \n  Data permutation            No        \n-------------------------------------------------------\n\n        \n\n  multilayer perceptron (native)\n  \n  &hyperparameters(1)         Energy+Gradient      Nonadiabatic         Spin-orbit\n----------------------------------------------------------------------------------------------\n  InvD features:              0                    0                    0                    \n  Angle features:             0                    0                    0                   \n  Dihedral features:          0                    0                    0                   \n  Activation:                 leaky_softplus       leaky_softplus       leaky_softplus      \n  Activation alpha:           0.03                 0.03                 0.03                \n  Layers:      \t              4                    4                    4                   \n  Neurons/layer:              100                  100                  100                 \n  Dropout:                    False                False                False               \n  Dropout ratio:              0.005                0.005                0.005               \n  Regularization activation:  l2                   None                 None                \n  Regularization weight:      l2                   None                 None                \n  Regularization bias:        None                 None                 None                \n  L1:                         1e-05                1e-05                1e-05               \n  L2:         \t              1e-05                1e-05                1e-05               \n  Loss weights:               [5.0, 1.0]                                                    \n  Phase-less loss:                                 False                                    \n  Initialize weight:          True                 True                 True                \n  Epoch:                      1000                 2000                 2000                \n  Epoch_pre:                                       100                                      \n  Epoch_min                   1000                 1000                 1000                \n  Patience:                   300                  300                  300                 \n  Max time:                   300                  300                  300                 \n  Epoch step:                 10                   10                   10                  \n  Batch:                      64                   64                   64                  \n  Delta loss:                 1e-05                1e-05                1e-05               \n  Shift_X:     \t       \t      False                False                False               \n  Scale_X:                    False                False                False               \n  Shift_Y:                    True                 True                 True                \n  Scale_Y:                    True                 True                 True                \n  Feature normalization:      1                    1                    1                   \n----------------------------------------------------------------------------------------------\n\n\n  \n  &hyperparameters(2)         Energy+Gradient      Nonadiabatic         Spin-orbit\n----------------------------------------------------------------------------------------------\n  InvD features:              0                    0                    0                    \n  Angle features:             0                    0                    0                   \n  Dihedral features:          0                    0                    0                   \n  Activation:                 leaky_softplus       leaky_softplus       leaky_softplus      \n  Activation alpha:           0.03                 0.03                 0.03                \n  Layers:      \t              4                    4                    4                   \n  Neurons/layer:              100                  100                  100                 \n  Dropout:                    False                False                False               \n  Dropout ratio:              0.005                0.005                0.005               \n  Regularization activation:  None                 None                 None                \n  Regularization weight:      None                 None                 None                \n  Regularization bias:        None                 None                 None                \n  L1:                         1e-05                1e-05                1e-05               \n  L2:         \t              1e-05                1e-05                1e-05               \n  Loss weights:               [1, 1]                                                        \n  Phase-less loss:                                 False                                    \n  Initialize weight:          True                 True                 True                \n  Epoch:                      2000                 2000                 2000                \n  Epoch_pre:                                       100                                      \n  Epoch_min                   1000                 1000                 1000                \n  Patience:                   300                  300                  300                 \n  Max time:                   300                  300                  300                 \n  Epoch step:                 10                   10                   10                  \n  Batch:                      64                   64                   64                  \n  Delta loss:                 1e-05                1e-05                1e-05               \n  Shift_X:     \t       \t      False                False                False               \n  Scale_X:                    False                False                False               \n  Shift_Y:                    True                 True                 True                \n  Scale_Y:                    True                 True                 True                \n  Feature normalization:      1                    1                    1                   \n----------------------------------------------------------------------------------------------\n\n\n  &grid search\n-------------------------------------------------------\n  (nn/demo)\n  Layers:                     [3, 4, 5, 6, 7]\n  Neurons/layer::             [200, 300, 400, 500, 600, 700, 800]\n  Batch:                      [64, 128] \n  L1:                         [1e-08]   \n  L2:                         [1e-07, 1e-08, 1e-09]\n  Dropout:                    [0.005]   \n  (e2n2)\n  n_features                  [16]      \n  n_blocks                    [3]       \n  l_max                       [1]       \n  n_rbf                       [8]       \n  rbf_layers                  [2]       \n  rbf_neurons                 [32]      \n  Job distribution            1         \n  Retrieve data               0         \n-------------------------------------------------------\n\n\n\n"
}